{
  "fixture": {
    "products": 500,
    "batchesPerProduct": 100,
    "totalBatches": 50000,
    "seedMs": 607
  },
  "singlePick": {
    "iterations": 1000,
    "p50Ms": 0.10698600000006309,
    "p95Ms": 0.18242150000000373,
    "p99Ms": 0.30136496000006663,
    "maxMs": 1.3311330000000225
  },
  "fullAlloc50": {
    "iterations": 1000,
    "p50Ms": 0.10291900000004262,
    "p95Ms": 0.16543284999999053,
    "p99Ms": 0.24938008000000628,
    "maxMs": 0.9716980000000603
  },
  "ledgerBalanced": true,
  "gates": {
    "singlePickP95Ms": 5,
    "fullAllocP95Ms": 5
  },
  "capturedAt": "2026-04-17T06:54:35.087Z"
}