{
  "fixture": {
    "products": 500,
    "batchesPerProduct": 100,
    "totalBatches": 50000,
    "seedMs": 939
  },
  "singlePick": {
    "iterations": 1000,
    "p50Ms": 0.1623614999698475,
    "p95Ms": 0.39320640004007146,
    "p99Ms": 0.7968142899777736,
    "maxMs": 2.2612690000096336
  },
  "fullAlloc50": {
    "iterations": 1000,
    "p50Ms": 0.15728799998760223,
    "p95Ms": 0.3925239000003783,
    "p99Ms": 0.876801629974506,
    "maxMs": 4.550823000026867
  },
  "ledgerBalanced": true,
  "gates": {
    "singlePickP95Ms": 5,
    "fullAllocP95Ms": 5
  },
  "capturedAt": "2026-04-18T06:43:55.038Z"
}