{
  "fixture": {
    "products": 500,
    "batchesPerProduct": 100,
    "totalBatches": 50000,
    "seedMs": 1099
  },
  "singlePick": {
    "iterations": 1000,
    "p50Ms": 0.25424999999995634,
    "p95Ms": 0.5920199999998885,
    "p99Ms": 1.8722850000001965,
    "maxMs": 45.3451
  },
  "fullAlloc50": {
    "iterations": 1000,
    "p50Ms": 0.24745000000007167,
    "p95Ms": 0.5226600000000415,
    "p99Ms": 1.1864170000000467,
    "maxMs": 6.2466999999996915
  },
  "ledgerBalanced": true,
  "gates": {
    "singlePickP95Ms": 5,
    "fullAllocP95Ms": 5
  },
  "capturedAt": "2026-04-27T12:35:45.074Z"
}